questionText,trlLevel,technologyType,category,toolTip
Concept development completed or Prior Search Conducted,1,Agri-Aqua Device and Diagnostic Kits,Technology Status,
Potential users or target beneficiaries identified,1,Agri-Aqua Device and Diagnostic Kits,Market and Commercialization Status,
Initial prototype of device or diagnostic kit created,2,Agri-Aqua Device and Diagnostic Kits,Technology Status,
First prototype or kit tested for basic functions,2,Agri-Aqua Device and Diagnostic Kits,Technology Status,
Preliminary assessment of user requirements and operational feasibility,2,Agri-Aqua Device and Diagnostic Kits,Market and Commercialization Status,
"Working prototype/device refined for usability, accuracy, and/or portability",3,Agri-Aqua Device and Diagnostic Kits,Technology Status,
"Tested for sensitivity, specificity, or measurement accuracy under lab conditions",3,Agri-Aqua Device and Diagnostic Kits,Technology Status,
Proof of Potential Economic Viability,3,Agri-Aqua Device and Diagnostic Kits,Market and Commercialization Status,
Device/kit validated with positive result under laboratory or controlled field conditions,4,Agri-Aqua Device and Diagnostic Kits,Technology Status,
"Analytical performance confirmed (detection limits, repeatability, or reliability)",4,Agri-Aqua Device and Diagnostic Kits,Technology Status,
Accomplished Initial Business Model Canvas (BMC),4,Agri-Aqua Device and Diagnostic Kits,Market and Commercialization Status,
Freedom to Operate (FTO) Report Prepared,4,Agri-Aqua Device and Diagnostic Kits,Market and Commercialization Status,
Market Research conducted,4,Agri-Aqua Device and Diagnostic Kits,Market and Commercialization Status,
Identified Potential industry Partner for Industry Testing,4,Agri-Aqua Device and Diagnostic Kits,Industry Adoption Status,
Device/kit tested under pilot-scale or semi-field conditions,5,Agri-Aqua Device and Diagnostic Kits,Market and Commercialization Status,
User Manual for device/kit established,5,Agri-Aqua Device and Diagnostic Kits,Technology Status,
Product promotion Conducted,5,Agri-Aqua Device and Diagnostic Kits,Market and Commercialization Status,
Meetings with potential industry partners,5,Agri-Aqua Device and Diagnostic Kits,Industry Adoption Status,
Agreements with industry parters for product testing secured,6,Agri-Aqua Device and Diagnostic Kits,Industry Adoption Status,
Device performance tested in multiple locations,6,Agri-Aqua Device and Diagnostic Kits,Technology Status,
Production/assembly manual established for scalable manufacturing,6,Agri-Aqua Device and Diagnostic Kits,Technology Status,
Technology Commercialization Plan prepared,6,Agri-Aqua Device and Diagnostic Kits,Market and Commercialization Status,
IP Valuation Report Prepared,6,Agri-Aqua Device and Diagnostic Kits,Market and Commercialization Status,
Successful industry validation and replication of device/kit,7,Agri-Aqua Device and Diagnostic Kits,Technology Status,
Standardized protocol/manual for industry-scale production/assembly of device/kit,7,Agri-Aqua Device and Diagnostic Kits,Industry Adoption Status,
Secure Letter of Intent for Licensing,7,Agri-Aqua Device and Diagnostic Kits,Industry Adoption Status,
Technology Licensing Terms Undergoing Negotiation,7,Agri-Aqua Device and Diagnostic Kits,Industry Adoption Status,
Business Plan crafted,7,Agri-Aqua Device and Diagnostic Kits,Market and Commercialization Status,
Processing of Requirements for Bureau of Animal Industry (BAI) or Bureau of Fisheries and Aquatic Resources (BFAR) or third-party Validation,7,Agri-Aqua Device and Diagnostic Kits,Regulatory Compliance Status,
Device/kit ready for commercial-scale production (replicable without error),8,Agri-Aqua Device and Diagnostic Kits,Technology Status,
BAI/BFAR/Third-party Validated,8,Agri-Aqua Device and Diagnostic Kits,Regulatory Compliance Status,
Technology Licensing Terms Negotiated,8,Agri-Aqua Device and Diagnostic Kits,Industry Adoption Status,
Fairness Opinion Review requested,8,Agri-Aqua Device and Diagnostic Kits,Market and Commercialization Status,
Technology Licensing Agreement signed,9,Agri-Aqua Device and Diagnostic Kits,Industry Adoption Status,
Technology fully commercialized/Device or kit commercially available to target users,9,Agri-Aqua Device and Diagnostic Kits,Market and Commercialization Status,
Concept development completed or Prior Search Conducted,1,Agri-Aqua Machinery and Facility,Technology Status,
Potential users or target beneficiaries identified,1,Agri-Aqua Machinery and Facility,Market and Commercialization Status,
Blueprint or design of the machine/facility completed,2,Agri-Aqua Machinery and Facility,Technology Status,
First prototype created,2,Agri-Aqua Machinery and Facility,Technology Status,
Initial assessment on the potential user,2,Agri-Aqua Machinery and Facility,Market and Commercialization Status,
Working prototype created,3,Agri-Aqua Machinery and Facility,Technology Status,
Prototype tested for basic operational capability,3,Agri-Aqua Machinery and Facility,Technology Status,
Proof of Potential Economic Viability,3,Agri-Aqua Machinery and Facility,Market and Commercialization Status,
Successfully operated under laboratory-scale or controlled conditions,4,Agri-Aqua Machinery and Facility,Technology Status,
Accomplished Initial Business Model Canvas (BMC),4,Agri-Aqua Machinery and Facility,Market and Commercialization Status,
Freedom to Operate (FTO) Report Prepared,4,Agri-Aqua Machinery and Facility,Market and Commercialization Status,
Market Research conducted,4,Agri-Aqua Machinery and Facility,Market and Commercialization Status,
Identified Potential industry Partner for Industry Testing,4,Agri-Aqua Machinery and Facility,Industry Adoption Status,
Machine/Facility stable during pilot-scale operation,5,Agri-Aqua Machinery and Facility,Technology Status,
Manual of operation established,5,Agri-Aqua Machinery and Facility,Technology Status,
Product promotion Conducted,5,Agri-Aqua Machinery and Facility,Market and Commercialization Status,
Meetings with potential industry partners,5,Agri-Aqua Machinery and Facility,Industry Adoption Status,
Agreements with industry parters for product testing secured,6,Agri-Aqua Machinery and Facility,Industry Adoption Status,
Multi-location testing conducted,6,Agri-Aqua Machinery and Facility,Technology Status,
Production or fabrication manual established,6,Agri-Aqua Machinery and Facility,Technology Status,
Preparing Requirements for Agricultural Machinery Testing and Evaluation Center (AMTEC) Certification,6,Agri-Aqua Machinery and Facility,Regulatory Compliance Status,
Technology Commercialization Plan prepared,6,Agri-Aqua Machinery and Facility,Market and Commercialization Status,
IP Valuation Report Prepared,6,Agri-Aqua Machinery and Facility,Market and Commercialization Status,
Successful industry testing and validation,7,Agri-Aqua Machinery and Facility,Technology Status,
First replication achieved,7,Agri-Aqua Machinery and Facility,Technology Status,
Secure Letter of Intent for Licensing,7,Agri-Aqua Machinery and Facility,Industry Adoption Status,
Technology Licensing Terms Undergoing Negotiation,7,Agri-Aqua Machinery and Facility,Industry Adoption Status,
Business Plan crafted,7,Agri-Aqua Machinery and Facility,Market and Commercialization Status,
Ready for commercial-scale production (replicable/ operational without error),8,Agri-Aqua Machinery and Facility,Technology Status,
AMTEC Certification Secured,8,Agri-Aqua Machinery and Facility,Regulatory Compliance Status,
Technology Licensing Terms Negotiated,8,Agri-Aqua Machinery and Facility,Industry Adoption Status,
Fairness Opinion Review requested,8,Agri-Aqua Machinery and Facility,Market and Commercialization Status,
Technology Licensing Agreement signed,9,Agri-Aqua Machinery and Facility,Industry Adoption Status,
Technology fully commercialized/Machine or facility commercially available to target users,9,Agri-Aqua Machinery and Facility,Market and Commercialization Status,
Concept Development Completed,1,Animal Biotechnology,Technology Status,
Potential end-users and target markets identified,1,Animal Biotechnology,Market and Commercialization Status,
Initial Experiments Conducted in Laboratory,2,Animal Biotechnology,Technology Status,
DNA Sequence Identification/Profiling Conducted,2,Animal Biotechnology,Technology Status,
Genetic Analytical Protocol Established,2,Animal Biotechnology,Technology Status,
Preliminary Assessment of Potential User,2,Animal Biotechnology,Market and Commercialization Status,
Genetic Profiling Validated,3,Animal Biotechnology,Technology Status,
Proof of Potential Economic Viability,3,Animal Biotechnology,Market and Commercialization Status,
Concept development completed or Prior Search Conducted,1,"Animal Feed, Feed Ingredients and Animal Nutrition",Technology Status,
Potential users or target beneficiaries identified,1,"Animal Feed, Feed Ingredients and Animal Nutrition",Market and Commercialization Status,
Initial experiments conducted in laboratory (benchscale),2,"Animal Feed, Feed Ingredients and Animal Nutrition",Technology Status,
Initial formulation created,2,"Animal Feed, Feed Ingredients and Animal Nutrition",Technology Status,
Initial assessment on the potential user,2,"Animal Feed, Feed Ingredients and Animal Nutrition",Market and Commercialization Status,
Feeding Trial Experiments with Target Animals,3,"Animal Feed, Feed Ingredients and Animal Nutrition",Technology Status,
Formulation optimized based on initial results of feeding trial (check if not applicable),3,"Animal Feed, Feed Ingredients and Animal Nutrition",Technology Status,
Proximate Analysis Conducted,3,"Animal Feed, Feed Ingredients and Animal Nutrition",Technology Status,
Proof of Potential Economic Viability,3,"Animal Feed, Feed Ingredients and Animal Nutrition",Market and Commercialization Status,
Proximate analysis confirms nutritional adequacy,4,"Animal Feed, Feed Ingredients and Animal Nutrition",Technology Status,
Passed Toxicity Evaluation,4,"Animal Feed, Feed Ingredients and Animal Nutrition",Technology Status,
Established Storage Stability,4,"Animal Feed, Feed Ingredients and Animal Nutrition",Technology Status,
Accomplished Initial Business Model Canvas (BMC),4,"Animal Feed, Feed Ingredients and Animal Nutrition",Market and Commercialization Status,
Freedom to Operate (FTO) Report Prepared,4,"Animal Feed, Feed Ingredients and Animal Nutrition",Market and Commercialization Status,
Market Research conducted,4,"Animal Feed, Feed Ingredients and Animal Nutrition",Market and Commercialization Status,
Identified Potential industry Partner for Industry Testing,4,"Animal Feed, Feed Ingredients and Animal Nutrition",Industry Adoption Status,
Product formulation for scaled-up pilot production,5,"Animal Feed, Feed Ingredients and Animal Nutrition",Technology Status,
Pilot scale-based Manual of Production created,5,"Animal Feed, Feed Ingredients and Animal Nutrition",Technology Status,
Product promotion and packaging conducted,5,"Animal Feed, Feed Ingredients and Animal Nutrition",Market and Commercialization Status,
Meetings with potential industry partners,5,"Animal Feed, Feed Ingredients and Animal Nutrition",Industry Adoption Status,
Product tested for scaled-up pilot production,6,"Animal Feed, Feed Ingredients and Animal Nutrition",Technology Status,
Agreements with industry parters for product testing secured,6,"Animal Feed, Feed Ingredients and Animal Nutrition",Industry Adoption Status,
First industry-scale production completed,6,"Animal Feed, Feed Ingredients and Animal Nutrition",Technology Status,
"Initial market tests conducted (trade shows, limited release)",6,"Animal Feed, Feed Ingredients and Animal Nutrition",Market and Commercialization Status,
Technology Commercialization Plan prepared,6,"Animal Feed, Feed Ingredients and Animal Nutrition",Market and Commercialization Status,
IP Valuation Report Prepared,6,"Animal Feed, Feed Ingredients and Animal Nutrition",Market and Commercialization Status,
Successful validation of industry-scale production,7,"Animal Feed, Feed Ingredients and Animal Nutrition",Technology Status,
Standardized manual for industry-scale production established,7,"Animal Feed, Feed Ingredients and Animal Nutrition",,
Secure Letter of Intent for Licensing,7,"Animal Feed, Feed Ingredients and Animal Nutrition",Industry Adoption Status,
Technology Licensing Terms Undergoing Negotiation,7,"Animal Feed, Feed Ingredients and Animal Nutrition",Industry Adoption Status,
Business Plan crafted,7,"Animal Feed, Feed Ingredients and Animal Nutrition",Market and Commercialization Status,
Processing of Requirements for Bureau of Animal Industry (BAI) or Food and Drug Administration (FDA) Approval/Certification,7,"Animal Feed, Feed Ingredients and Animal Nutrition",Regulatory Compliance Status,
Product ready for full-scale commercial production (replicable without error),8,"Animal Feed, Feed Ingredients and Animal Nutrition",Technology Status,
BAI/FDA Approval or Certification Obtained,8,"Animal Feed, Feed Ingredients and Animal Nutrition",Regulatory Compliance Status,
Technology Licensing Terms Negotiated,8,"Animal Feed, Feed Ingredients and Animal Nutrition",Industry Adoption Status,
Fairness Opinion Review requested,8,"Animal Feed, Feed Ingredients and Animal Nutrition",Market and Commercialization Status,
Technology Licensing Agreement signed,9,"Animal Feed, Feed Ingredients and Animal Nutrition",Industry Adoption Status,
Technology fully commercialized/Product commercially available to target users,9,"Animal Feed, Feed Ingredients and Animal Nutrition",Market and Commercialization Status,
Concept development completed or Prior Search Conducted,1,Fertilizer and Pesticide (including Organic and Bio-based Products),Technology Status,
Potential users or target beneficiaries identified,1,Fertilizer and Pesticide (including Organic and Bio-based Products),Market and Commercialization Status,
Initial experiments conducted in laboratory (benchscale),2,Fertilizer and Pesticide (including Organic and Bio-based Products),Technology Status,
First formulation created,2,Fertilizer and Pesticide (including Organic and Bio-based Products),Technology Status,
Initial assessment on the potential user,2,Fertilizer and Pesticide (including Organic and Bio-based Products),Market and Commercialization Status,
"Formulated product initially tested under laboratory conditions (efficacy, stability, compatibility)",3,Fertilizer and Pesticide (including Organic and Bio-based Products),Technology Status,
Formulation optimized based on initial animal response,3,Fertilizer and Pesticide (including Organic and Bio-based Products),Technology Status,
Toxicity Test Conducted,3,Fertilizer and Pesticide (including Organic and Bio-based Products),Technology Status,
Proof of Potential Economic Viability,3,Fertilizer and Pesticide (including Organic and Bio-based Products),Market and Commercialization Status,
Positive experimental results on product efficacy under controlled conditions,4,Fertilizer and Pesticide (including Organic and Bio-based Products),Technology Status,
Passed Toxicity Evaluation,4,Fertilizer and Pesticide (including Organic and Bio-based Products),Technology Status,
Shelf stability established,4,Fertilizer and Pesticide (including Organic and Bio-based Products),Technology Status,
Accomplished Initial Business Model Canvas (BMC),4,Fertilizer and Pesticide (including Organic and Bio-based Products),Market and Commercialization Status,
Freedom to Operate (FTO) Report Prepared,4,Fertilizer and Pesticide (including Organic and Bio-based Products),Market and Commercialization Status,
Market Research conducted,4,Fertilizer and Pesticide (including Organic and Bio-based Products),Market and Commercialization Status,
Identified Potential industry Partner for Industry Testing,4,Fertilizer and Pesticide (including Organic and Bio-based Products),Industry Adoption Status,
Product formulation for scaled-up pilot production,5,Fertilizer and Pesticide (including Organic and Bio-based Products),Technology Status,
Pilot scale-based Manual of Production created,5,Fertilizer and Pesticide (including Organic and Bio-based Products),Technology Status,
Product promotion and packaging conducted,5,Fertilizer and Pesticide (including Organic and Bio-based Products),Market and Commercialization Status,
Meetings with potential industry partners,5,Fertilizer and Pesticide (including Organic and Bio-based Products),Industry Adoption Status,
Product tested for scaled-up pilot production,6,Fertilizer and Pesticide (including Organic and Bio-based Products),Technology Status,
Agreements with industry parters for product testing secured,6,Fertilizer and Pesticide (including Organic and Bio-based Products),Industry Adoption Status,
First industry-scale production completed,6,Fertilizer and Pesticide (including Organic and Bio-based Products),Technology Status,
Initial market tests conducted (demonstration to farmers or distributors),6,Fertilizer and Pesticide (including Organic and Bio-based Products),Market and Commercialization Status,
Technology Commercialization Plan prepared,6,Fertilizer and Pesticide (including Organic and Bio-based Products),Market and Commercialization Status,
IP Valuation Report Prepared,6,Fertilizer and Pesticide (including Organic and Bio-based Products),Market and Commercialization Status,
Successful validation of industry-scale production,7,Fertilizer and Pesticide (including Organic and Bio-based Products),Industry Adoption Status,
Standardized manual for industry-scale production established,7,Fertilizer and Pesticide (including Organic and Bio-based Products),Industry Adoption Status,
Secure Letter of Intent for Licensing,7,Fertilizer and Pesticide (including Organic and Bio-based Products),Industry Adoption Status,
Technology Licensing Terms Undergoing Negotiation,7,Fertilizer and Pesticide (including Organic and Bio-based Products),Industry Adoption Status,
Business Plan crafted,7,Fertilizer and Pesticide (including Organic and Bio-based Products),Market and Commercialization Status,
Processing of Requirements for Fertilizer and Pesticide Authority (FPA) or Bureau of Agriculture and Fisheries Standards (BAFS) Approval/Certification,7,Fertilizer and Pesticide (including Organic and Bio-based Products),Regulatory Compliance Status,
Product ready for full-scale commercial production (replicable without error),8,Fertilizer and Pesticide (including Organic and Bio-based Products),Market and Commercialization Status,
FPA/BAFS Registered,8,Fertilizer and Pesticide (including Organic and Bio-based Products),Regulatory Compliance Status,
Technology Licensing Terms Negotiated,8,Fertilizer and Pesticide (including Organic and Bio-based Products),Industry Adoption Status,
Fairness Opinion Review requested,8,Fertilizer and Pesticide (including Organic and Bio-based Products),Market and Commercialization Status,
Technology Licensing Agreement signed,9,Fertilizer and Pesticide (including Organic and Bio-based Products),Industry Adoption Status,
Technology fully commercialized/Product commercially available to target users,9,Fertilizer and Pesticide (including Organic and Bio-based Products),Market and Commercialization Status,
Concept development completed or Prior Search Conducted,1,"Food, Food Ingredients and Beverages",Technology Status,
Potential End-users or Target Beneficiaries and Potential Industry Relevance Identified,1,"Food, Food Ingredients and Beverages",Market and Commercialization Status,
Initial Experiments Conducted in Laboratory (Benchscale),2,"Food, Food Ingredients and Beverages",Technology Status,
First Prototype/Formulation Created for Sensory Analysis,2,"Food, Food Ingredients and Beverages",Technology Status,
Internal/Preliminary Sensory Screening Conducted,2,"Food, Food Ingredients and Beverages",Technology Status,
Initial Assessment on the Potential User,2,"Food, Food Ingredients and Beverages",Market and Commercialization Status,
Formulation for Highest Sensory Acceptability Optimized,3,"Food, Food Ingredients and Beverages",Technology Status,
Proximate Analysis Conducted to Assess Chemical Properties,3,"Food, Food Ingredients and Beverages",Technology Status,
Reasses Industry Relevance,3,"Food, Food Ingredients and Beverages",Market and Commercialization Status,
Product Validated Through Target Consumer Sensory Testing,4,"Food, Food Ingredients and Beverages",Technology Status,
Positive Proximate Analysis Confirmed,4,"Food, Food Ingredients and Beverages",Technology Status,
Shelf-life Established At least Under Laboratory Conditions,4,"Food, Food Ingredients and Beverages",Technology Status,
Market Viability Assessed using At least Secondary Data,4,"Food, Food Ingredients and Beverages",Technology Status,
Potential Industry Partner for Industry Testing Identified,4,"Food, Food Ingredients and Beverages",Market and Commercialization Status,
Freedom to Operate (FTO) Report Prepared,4,"Food, Food Ingredients and Beverages",Market and Commercialization Status,
Market Research is conducted,4,"Food, Food Ingredients and Beverages",Market and Commercialization Status,
Identified Potential industry Partner for Industry Testing,4,"Food, Food Ingredients and Beverages",Industry Adoption Status,
Product formulation for scaled-up pilot production,5,"Food, Food Ingredients and Beverages",Technology Status,
Pilot scale-based Manual of Production created,5,"Food, Food Ingredients and Beverages",Technology Status,
Product promotion and packaging conducted,5,"Food, Food Ingredients and Beverages",Market and Commercialization Status,
Meetings with potential industry partners,5,"Food, Food Ingredients and Beverages",Industry Adoption Status,
Product tested for scaled-up pilot production,6,"Food, Food Ingredients and Beverages",Technology Status,
Agreements with industry parters for product testing secured,6,"Food, Food Ingredients and Beverages",Industry Adoption Status,
First industry-scale production Initiated,6,"Food, Food Ingredients and Beverages",Industry Adoption Status,
"Initial market tests conducted (trade shows, limited release)",6,"Food, Food Ingredients and Beverages",Market and Commercialization Status,
Technology Commercialization Plan prepared,6,"Food, Food Ingredients and Beverages",Market and Commercialization Status,
IP Valuation Report Prepared,6,"Food, Food Ingredients and Beverages",Market and Commercialization Status,
Successful validation of industry-scale production,7,"Food, Food Ingredients and Beverages",Industry Adoption Status,
Standardized manual for industry-scale production established,7,"Food, Food Ingredients and Beverages",Industry Adoption Status,
Secure Letter of Intent for Licensing,7,"Food, Food Ingredients and Beverages",Industry Adoption Status,
Technology Licensing Terms Undergoing Negotiation,7,"Food, Food Ingredients and Beverages",Industry Adoption Status,
Business Plan crafted,7,"Food, Food Ingredients and Beverages",Market and Commercialization Status,
Processing of Requirements for Food and Drug Administration (FDA) Approval/Certification,7,"Food, Food Ingredients and Beverages",Regulatory Compliance Status,
Product ready for full-scale commercial production (replicable without error),8,"Food, Food Ingredients and Beverages",Technology Status,
FDA Approval/Certification Obtained,8,"Food, Food Ingredients and Beverages",Regulatory Compliance Status,
HACCP/HALAL Certified (if Necessary/Check if not applicable),8,"Food, Food Ingredients and Beverages",Regulatory Compliance Status,
Technology Licensing Terms Negotiated,8,"Food, Food Ingredients and Beverages",Industry Adoption Status,
Fairness Opinion Review requested,8,"Food, Food Ingredients and Beverages",Market and Commercialization Status,
Technology Licensing Agreement signed,9,"Food, Food Ingredients and Beverages",Industry Adoption Status,
Technology fully commercialized/Product commercially available to consumers,9,"Food, Food Ingredients and Beverages",Market and Commercialization Status,
Concept development completed or Prior Search Conducted,1,ICT (Apps and System involving IoT),Technology Status,
Potential users or target beneficiaries identified,1,ICT (Apps and System involving IoT),Market and Commercialization Status,
System design formulated,2,ICT (Apps and System involving IoT),Technology Status,
Initial coding completed,2,ICT (Apps and System involving IoT),Technology Status,
Initial assessment of potential user requirements and usability,2,ICT (Apps and System involving IoT),Market and Commercialization Status,
Source code completed,3,ICT (Apps and System involving IoT),Technology Status,
Working system/application developed (integrated prototype),3,ICT (Apps and System involving IoT),Technology Status,
Proof of Potential Economic Viability,3,ICT (Apps and System involving IoT),Market and Commercialization Status,
Alpha testing successfully conducted,4,ICT (Apps and System involving IoT),Technology Status,
Accomplished Initial Business Model Canvas (BMC),4,ICT (Apps and System involving IoT),Market and Commercialization Status,
Freedom to Operate (FTO) Report Prepared,4,ICT (Apps and System involving IoT),Market and Commercialization Status,
Market Research conducted,4,ICT (Apps and System involving IoT),Market and Commercialization Status,
Identified Potential industry Partner for Industry Testing,4,ICT (Apps and System involving IoT),Industry Adoption Status,
Beta testing successfully conducted with select external users,5,ICT (Apps and System involving IoT),Technology Status,
"User feedback incorporated to improve system usability, reliability, and performance",5,ICT (Apps and System involving IoT),Technology Status,
User Guide/manual for system created,5,ICT (Apps and System involving IoT),Technology Status,
Product promotion Conducted,5,ICT (Apps and System involving IoT),Market and Commercialization Status,
Meetings with potential industry partners,5,ICT (Apps and System involving IoT),Industry Adoption Status,
Agreements with industry parters for product testing secured,6,ICT (Apps and System involving IoT),Industry Adoption Status,
System/application deployed for initial industry use,6,ICT (Apps and System involving IoT),Technology Status,
Core system stable in limited commercial operations,6,ICT (Apps and System involving IoT),Technology Status,
Technology Commercialization Plan prepared,6,ICT (Apps and System involving IoT),Market and Commercialization Status,
IP Valuation Report Prepared,6,ICT (Apps and System involving IoT),Market and Commercialization Status,
System stable in industry-scale operations (Stable Release),7,ICT (Apps and System involving IoT),Technology Status,
Scalable architecture validated under real-world usage,7,ICT (Apps and System involving IoT),Technology Status,
Secure Letter of Intent for Licensing,7,ICT (Apps and System involving IoT),Industry Adoption Status,
Technology Licensing Terms Undergoing Negotiation,7,ICT (Apps and System involving IoT),Industry Adoption Status,
Business Plan crafted,7,ICT (Apps and System involving IoT),Market and Commercialization Status,
"Processing of Requirements for Data Privacy, Cybersecurity, or applicable ICT regulations Approval/Certification",7,ICT (Apps and System involving IoT),Regulatory Compliance Status,
System/application ready for full-scale commercial operation (replicable without error),8,ICT (Apps and System involving IoT),Market and Commercialization Status,
"Data Privacy, Cybersecurity, or applicable ICT regulations Approval/Certification Secured",8,ICT (Apps and System involving IoT),Regulatory Compliance Status,
Technology Licensing Terms Negotiated,8,ICT (Apps and System involving IoT),Industry Adoption Status,
Fairness Opinion Review requested,8,ICT (Apps and System involving IoT),Market and Commercialization Status,
Technology Licensing Agreement signed,9,ICT (Apps and System involving IoT),Industry Adoption Status,
System/application fully commercialized and available to target users,9,ICT (Apps and System involving IoT),Market and Commercialization Status,
Material concept identified from AANR resource,1,Natural Resource & Derived Materials,Technology Status,
Potential material properties identified,1,Natural Resource & Derived Materials,Technology Status,
Material formulation or composition defined,2,Natural Resource & Derived Materials,Technology Status,
"Intended application identified (e.g., construction, packaging, handicrafts)",2,Natural Resource & Derived Materials,Market and Commercialization Status,
Initial laboratory scale processing method proposed,2,Natural Resource & Derived Materials,Technology Status,
Laboratory-scale sample produced,3,Natural Resource & Derived Materials,Technology Status,
"Preliminary testing conducted (e.g., tensile strength, density, absorption)",3,Natural Resource & Derived Materials,Technology Status,
Proof of Potential Economic Viability,3,Natural Resource & Derived Materials,Market and Commercialization Status,
Repeatable laboratory-scale production achieved,4,Natural Resource & Derived Materials,Technology Status,
"Standard laboratory tests completed (e.g., ASTM/ISO-aligned methods)",4,Natural Resource & Derived Materials,Regulatory Compliance Status,
Accomplished Initial Business Model Canvas (BMC),4,Natural Resource & Derived Materials,Market and Commercialization Status,
Freedom to Operate (FTO) Report Prepared,4,Natural Resource & Derived Materials,Market and Commercialization Status,
Market Research conducted,4,Natural Resource & Derived Materials,Market and Commercialization Status,
Identified Potential industry Partner for Industry Testing,4,Natural Resource & Derived Materials,Industry Adoption Status,
Pilot-scale material production conducted,5,Natural Resource & Derived Materials,Technology Status,
Performance tested under simulated or relevant conditions,5,Natural Resource & Derived Materials,Technology Status,
Initial cost and raw material availability assessed,5,Natural Resource & Derived Materials,Market and Commercialization Status,
Product promotion Conducted,5,Natural Resource & Derived Materials,Market and Commercialization Status,
Meetings with potential industry partners,5,Natural Resource & Derived Materials,Industry Adoption Status,
Prototype material or product fabricated,6,Natural Resource & Derived Materials,Technology Status,
Agreements with industry parters for product testing secured,6,Natural Resource & Derived Materials,Industry Adoption Status,
"Demonstrated performance in intended application (e.g., wall panel, packaging unit)",6,Natural Resource & Derived Materials,Technology Status,
Preliminary user or industry feedback obtained,6,Natural Resource & Derived Materials,Industry Adoption Status,
Technology Commercialization Plan prepared,6,Natural Resource & Derived Materials,Market and Commercialization Status,
IP Valuation Report Prepared,6,Natural Resource & Derived Materials,Market and Commercialization Status,
"Field testing completed (e.g., construction site, packaging trial)",7,Natural Resource & Derived Materials,Technology Status,
Standardized production protocol/manual established,7,Natural Resource & Derived Materials,Technology Status,
Submitted for applicable standards assessment,7,Natural Resource & Derived Materials,Regulatory Compliance Status,
Secure Letter of Intent for Licensing,7,Natural Resource & Derived Materials,Industry Adoption Status,
Technology Licensing Terms Undergoing Negotiation,7,Natural Resource & Derived Materials,Industry Adoption Status,
Business Plan crafted,7,Natural Resource & Derived Materials,Market and Commercialization Status,
Final material specification established,8,Natural Resource & Derived Materials,Technology Status,
Regulatory or standards compliance completed,8,Natural Resource & Derived Materials,Regulatory Compliance Status,
Scaled-up production process validated,8,Natural Resource & Derived Materials,Technology Status,
Technology Licensing Terms Negotiated,8,Natural Resource & Derived Materials,Industry Adoption Status,
Fairness Opinion Review requested,8,Natural Resource & Derived Materials,Market and Commercialization Status,
Technology Licensing Agreement signed,9,Natural Resource & Derived Materials,Industry Adoption Status,
Material commercially produced/Commercially available to target users,9,Natural Resource & Derived Materials,Market and Commercialization Status,
Concept Development or Breeding objectives identified,1,New Animal Breed (Aquatic and Terrestrial),Technology Status,
Potential end-users and target markets identified,1,New Animal Breed (Aquatic and Terrestrial),Market and Commercialization Status,
Parent animals with desirable traits Selected,2,New Animal Breed (Aquatic and Terrestrial),Technology Status,
"Genetics, Lineage, and Breeding Foundation Reviewed",2,New Animal Breed (Aquatic and Terrestrial),Technology Status,
Target Traits for Improvement Identified,2,New Animal Breed (Aquatic and Terrestrial),Technology Status,
Preliminary assessment of market demand for target traits,2,New Animal Breed (Aquatic and Terrestrial),Market and Commercialization Status,
"Initial crosses, selective breeding, or genetic modification conducted",3,New Animal Breed (Aquatic and Terrestrial),Technology Status,
Progeny produced and screened for presence of target traits,3,New Animal Breed (Aquatic and Terrestrial),Technology Status,
Breeding Events Documented,3,New Animal Breed (Aquatic and Terrestrial),Technology Status,
Proof of Potential Economic Viability,3,New Animal Breed (Aquatic and Terrestrial),Market and Commercialization Status,
"Progeny raised under controlled conditions (hatchery, nursery, farm, or experimental facility)",4,New Animal Breed (Aquatic and Terrestrial),Technology Status,
"Target traits confirmed in progeny (growth, disease resistance, environmental tolerance)",4,New Animal Breed (Aquatic and Terrestrial),Technology Status,
Early-stage engagement with potential end-users for feedback,4,New Animal Breed (Aquatic and Terrestrial),Market and Commercialization Status,
Identified Potential industry Partner for Industry Testing,4,New Animal Breed (Aquatic and Terrestrial),Industry Adoption Status,
Stable lines/strain or family groups selected,5,New Animal Breed (Aquatic and Terrestrial),Technology Status,
Preliminary field trials conducted in controlled farm/aquaculture plots,5,New Animal Breed (Aquatic and Terrestrial),Technology Status,
"Data collected for growth, survivability, product quality, and adaptability",5,New Animal Breed (Aquatic and Terrestrial),Technology Status,
Accomplished Initial Business Model Canvas (BMC),5,New Animal Breed (Aquatic and Terrestrial),Market and Commercialization Status,
Freedom to Operate (FTO) Report Prepared,5,New Animal Breed (Aquatic and Terrestrial),Market and Commercialization Status,
Market Research conducted,5,New Animal Breed (Aquatic and Terrestrial),Market and Commercialization Status,
Meetings with potential industry partners,5,New Animal Breed (Aquatic and Terrestrial),Industry Adoption Status,
Agreements with industry parters for product testing secured,6,New Animal Breed (Aquatic and Terrestrial),Industry Adoption Status,
Multi-location trials conducted across diverse environmental conditions,6,New Animal Breed (Aquatic and Terrestrial),Technology Status,
Engagement with farms/aquaculture operators for breeding and performance testing,6,New Animal Breed (Aquatic and Terrestrial),Industry Adoption Status,
Industry feedback collected,6,New Animal Breed (Aquatic and Terrestrial),Industry Adoption Status,
Regulatory preparation for breed registration or approval initiated,6,New Animal Breed (Aquatic and Terrestrial),Regulatory Compliance Status,
Protocols standardized for propagation of new breed/strain,7,New Animal Breed (Aquatic and Terrestrial),Industry Adoption Status,
Engagement with breeding partners or commercial operators,7,New Animal Breed (Aquatic and Terrestrial),Industry Adoption Status,
Processing of Requirements for Bureau of Animal Industry (BAI) or Philippine Carabao Center (PCC) or National Dairy Authority (NDA) Approval/Certification,7,New Animal Breed (Aquatic and Terrestrial),Regulatory Compliance Status,
Secure Letter of Intent for Licensing,7,New Animal Breed (Aquatic and Terrestrial),Industry Adoption Status,
Technology Licensing Terms Undergoing Negotiation,7,New Animal Breed (Aquatic and Terrestrial),Industry Adoption Status,
Business Plan crafted,7,New Animal Breed (Aquatic and Terrestrial),Market and Commercialization Status,
Stable and consistent breeding achieved at industry scale,8,New Animal Breed (Aquatic and Terrestrial),Technology Status,
BAI/PCC/NDA Approval/Certification Secured,8,New Animal Breed (Aquatic and Terrestrial),Regulatory Compliance Status,
Technology Licensing Terms Negotiated,8,New Animal Breed (Aquatic and Terrestrial),Industry Adoption Status,
Fairness Opinion Review requested,8,New Animal Breed (Aquatic and Terrestrial),Market and Commercialization Status,
Technology Licensing Agreement signed,9,New Animal Breed (Aquatic and Terrestrial),Industry Adoption Status,
New animal breed fully commercialized/Breed commercially available to target users,9,New Animal Breed (Aquatic and Terrestrial),Market and Commercialization Status,
Concept Development or Breeding objectives identified,1,New Plant Variety (Conventional),Technology Status,
Potential end-users and target markets identified,1,New Plant Variety (Conventional),Market and Commercialization Status,
Germplasm Collected,2,New Plant Variety (Conventional),Technology Status,
"Plant genetics, traits, and breeding foundation reviewed",2,New Plant Variety (Conventional),Technology Status,
Target traits clearly identified,2,New Plant Variety (Conventional),Technology Status,
Breeding Planned Prepared,2,New Plant Variety (Conventional),Technology Status,
"Preliminary market requirements considered (trait relevance, consumer/end-user needs)",2,New Plant Variety (Conventional),Market and Commercialization Status,
Initial crosses or mutation events conducted,3,New Plant Variety (Conventional),Technology Status,
Progeny produced and screened for presence of target traits,3,New Plant Variety (Conventional),Technology Status,
Proof of Potential Economic Viability,3,New Plant Variety (Conventional),Market and Commercialization Status,
Progeny successfully grown under controlled conditions (greenhouse/screenhouse),4,New Plant Variety (Conventional),Technology Status,
Target traits confirmed in progeny,4,New Plant Variety (Conventional),Technology Status,
Early-stage feedback from potential seed users,4,New Plant Variety (Conventional),Market and Commercialization Status,
Identified Potential industry Partner for Industry Testing,4,New Plant Variety (Conventional),Industry Adoption Status,
Stable and pure lines selected,5,New Plant Variety (Conventional),Technology Status,
Preliminary field trials conducted in controlled plots,5,New Plant Variety (Conventional),Technology Status,
Field performance documentation prepared,5,New Plant Variety (Conventional),Technology Status,
Accomplished Initial Business Model Canvas (BMC),5,New Plant Variety (Conventional),Market and Commercialization Status,
Freedom to Operate (FTO) Report Prepared,5,New Plant Variety (Conventional),Market and Commercialization Status,
Market Research conducted,5,New Plant Variety (Conventional),Market and Commercialization Status,
Meetings with potential industry partners,5,New Plant Variety (Conventional),Industry Adoption Status,
Agreements with industry parters for product testing secured,6,New Plant Variety (Conventional),Industry Adoption Status,
Multi-location trials conducted to evaluate performance across environments,6,New Plant Variety (Conventional),Technology Status,
Engagement with seed growers for seed multiplication tests,6,New Plant Variety (Conventional),Industry Adoption Status,
Industry feedback collected,6,New Plant Variety (Conventional),Industry Adoption Status,
Regulatory preparation for variety registration initiated,6,New Plant Variety (Conventional),Regulatory Compliance Status,
Seed/plant materials production protocol standardized for commercial adoption,7,New Plant Variety (Conventional),Technology Status,
Submitted to National Seed Industry Council (NSIC) or Department of Agriculture-Bureau of Plant Industry (DA-BPI) for variety testing,7,New Plant Variety (Conventional),Regulatory Compliance Status,
"Submitted for Distinctness, Uniformity, Stability, (DUS) testing (if Plant Variety Protection-eligible)",7,New Plant Variety (Conventional),Regulatory Compliance Status,
Secure Letter of Intent for Licensing,7,New Plant Variety (Conventional),Industry Adoption Status,
Technology Licensing Terms Undergoing Negotiation,7,New Plant Variety (Conventional),Industry Adoption Status,
Business Plan crafted,7,New Plant Variety (Conventional),Market and Commercialization Status,
Stable and consistent seed/plant production at industry scale achieved,8,New Plant Variety (Conventional),Industry Adoption Status,
Variety officially registered and released,8,New Plant Variety (Conventional),Regulatory Compliance Status,
Seed/plant certification or registration obtained,8,New Plant Variety (Conventional),Regulatory Compliance Status,
Technology Licensing Terms Negotiated,8,New Plant Variety (Conventional),Industry Adoption Status,
Fairness Opinion Review requested,8,New Plant Variety (Conventional),Market and Commercialization Status,
Technology Licensing Agreement signed,9,New Plant Variety (Conventional),Industry Adoption Status,
New plant variety fully commercialized/Variety commercially available to target users,9,New Plant Variety (Conventional),Market and Commercialization Status,
Concept Development or Breeding objectives identified,1,New Plant Variety (Gene-Edited and GM),Technology Status,
Potential end-users and target markets identified,1,New Plant Variety (Gene-Edited and GM),Market and Commercialization Status,
Bioinformatic Analysis of Gene Function/In-silico Studies Conducted,1,New Plant Variety (Gene-Edited and GM),Technology Status,
Germplasm Collected,2,New Plant Variety (Gene-Edited and GM),Technology Status,
Marker Developed/Gene Identified,2,New Plant Variety (Gene-Edited and GM),Technology Status,
"Molecular Construct Planned (CRISPR, RNAi)",2,New Plant Variety (Gene-Edited and GM),Technology Status,
"Preliminary market requirements considered (relevance, consumer/end-user needs)",2,New Plant Variety (Gene-Edited and GM),Market and Commercialization Status,
Genetic Modification Designs Developed (CRISPR/RNAi Constructs),3,New Plant Variety (Gene-Edited and GM),Technology Status,
Transformation or Gene Editing in Laboratory or Growth Chamber Conducted,3,New Plant Variety (Gene-Edited and GM),Technology Status,
Controlled Enviroinmental Studies (please specify),3,New Plant Variety (Gene-Edited and GM),Technology Status,
Institutional Biosafety Committee (IBC) Approval Initiated,3,New Plant Variety (Gene-Edited and GM),Technology Status,
Proof of Potential Economic Viability,3,New Plant Variety (Gene-Edited and GM),Market and Commercialization Status,
Edited/Modified Plant Regenerated,4,New Plant Variety (Gene-Edited and GM),Technology Status,
"Target Traits Confirmed via Sequencing, PCR, or Marker Analysis",4,New Plant Variety (Gene-Edited and GM),Technology Status,
Preliminary Phenotyping under Greenhouse Conducted,4,New Plant Variety (Gene-Edited and GM),Technology Status,
Identified Potential industry Partner for Industry Testing,4,New Plant Variety (Gene-Edited and GM),Industry Adoption Status,
Edited/Modified Lines Evaluated in Greenhouse or Actual Field Plots,5,New Plant Variety (Gene-Edited and GM),Technology Status,
Agronomic and Phenotypic Data Collected,5,New Plant Variety (Gene-Edited and GM),Technology Status,
Applied for Regulatory Status Confirmation (RSC) to Department of Agriculture-Bureau of Plant Industry (DA-BPI),5,New Plant Variety (Gene-Edited and GM),Regulatory Compliance Status,
Procesing of DA-BPI Biosafety Permit for Confined Field Trials,5,New Plant Variety (Gene-Edited and GM),Regulatory Compliance Status,
Contained Field Trial/Confined Test for GM Crops Conducted,5,New Plant Variety (Gene-Edited and GM),Regulatory Compliance Status,
Accomplished Initial Business Model Canvas (BMC),5,New Plant Variety (Gene-Edited and GM),Market and Commercialization Status,
Freedom to Operate (FTO) Report Prepared,5,New Plant Variety (Gene-Edited and GM),Market and Commercialization Status,
Market Research conducted,5,New Plant Variety (Gene-Edited and GM),Market and Commercialization Status,
Meetings with potential industry partners,5,New Plant Variety (Gene-Edited and GM),Industry Adoption Status,
Agreements with industry parters for product testing secured,6,New Plant Variety (Gene-Edited and GM),Industry Adoption Status,
Biosfatey Permit Secured,6,New Plant Variety (Gene-Edited and GM),Regulatory Compliance Status,
Multi-location Confined Field Trials Conducted,6,New Plant Variety (Gene-Edited and GM),Technology Status,
Engagement with seed growers for seed multiplication tests,6,New Plant Variety (Gene-Edited and GM),Industry Adoption Status,
Industry feedback collected,6,New Plant Variety (Gene-Edited and GM),Industry Adoption Status,
Regulatory preparation for variety registration initiated,6,New Plant Variety (Gene-Edited and GM),Regulatory Compliance Status,
Seed/plant materials production protocol standardized for commercial adoption,7,New Plant Variety (Gene-Edited and GM),Technology Status,
Submitted to National Seed Industry Council (NSIC) or Department of Agriculture-Bureau of Plant Industry (DA-BPI) for variety testing,7,New Plant Variety (Gene-Edited and GM),Regulatory Compliance Status,
"Submitted for Distinctness, Uniformity, Stability, (DUS) testing (if Plant Variety Protection-eligible)",7,New Plant Variety (Gene-Edited and GM),Regulatory Compliance Status,
Secure Letter of Intent for Licensing,7,New Plant Variety (Gene-Edited and GM),Industry Adoption Status,
Technology Licensing Terms Undergoing Negotiation,7,New Plant Variety (Gene-Edited and GM),Industry Adoption Status,
Business Plan crafted,7,New Plant Variety (Gene-Edited and GM),Market and Commercialization Status,
Stable and consistent seed production at industry scale achieved,8,New Plant Variety (Gene-Edited and GM),Technology Status,
Variety officially registered and released,8,New Plant Variety (Gene-Edited and GM),Regulatory Compliance Status,
Seed Certification Obtained,8,New Plant Variety (Gene-Edited and GM),Regulatory Compliance Status,
Technology Licensing Terms Negotiated,8,New Plant Variety (Gene-Edited and GM),Industry Adoption Status,
Fairness Opinion Review requested,8,New Plant Variety (Gene-Edited and GM),Market and Commercialization Status,
Technology Licensing Agreement signed,9,New Plant Variety (Gene-Edited and GM),Industry Adoption Status,
New plant variety fully commercialized/Variety commercially available to target users,9,New Plant Variety (Gene-Edited and GM),Market and Commercialization Status,
